LOCATION,TIME,Value
DEU,2000-Q1,3.402726456
DEU,2000-Q2,4.239593704
DEU,2000-Q3,3.036496969
DEU,2000-Q4,1.901339929
DEU,2001-Q1,2.496367876
DEU,2001-Q2,1.62626796
DEU,2001-Q3,1.461672775
DEU,2001-Q4,1.679252897
DEU,2002-Q1,-0.847656219
DEU,2002-Q2,-0.371752743
DEU,2002-Q3,0.302678001
DEU,2002-Q4,0.256328501
DEU,2003-Q1,-0.717277303
DEU,2003-Q2,-1.040675899
DEU,2003-Q3,-0.745714633
DEU,2003-Q4,-0.33994105
DEU,2004-Q1,0.979021736
DEU,2004-Q2,1.390380548
DEU,2004-Q3,0.409287298
DEU,2004-Q4,0.035001868
DEU,2005-Q1,0.213179989
DEU,2005-Q2,0.235343816
DEU,2005-Q3,1.295595637
DEU,2005-Q4,1.867987207
DEU,2006-Q1,2.844154575
DEU,2006-Q2,4.057971796
DEU,2006-Q3,3.989424214
DEU,2006-Q4,5.069233939
DEU,2007-Q1,4.134105415
DEU,2007-Q2,3.228417933
DEU,2007-Q3,2.960191362
DEU,2007-Q4,2.077408729
DEU,2008-Q1,2.66654559
DEU,2008-Q2,1.565052917
DEU,2008-Q3,0.397312395
DEU,2008-Q4,-1.835047698
DEU,2009-Q1,-7.028663586
DEU,2009-Q2,-6.652650079
DEU,2009-Q3,-5.529560119
DEU,2009-Q4,-3.293268355
DEU,2010-Q1,2.283396812
DEU,2010-Q2,4.420073848
DEU,2010-Q3,4.689932893
DEU,2010-Q4,4.768083912
DEU,2011-Q1,5.93925147
DEU,2011-Q2,3.704222188
DEU,2011-Q3,3.771482477
DEU,2011-Q4,2.604052065
DEU,2012-Q1,0.862905379
DEU,2012-Q2,0.977722916
DEU,2012-Q3,0.375168609
DEU,2012-Q4,0.250925777
DEU,2013-Q1,-0.414724531
DEU,2013-Q2,0.439891694
DEU,2013-Q3,0.718979913
DEU,2013-Q4,1.462650998
DEU,2014-Q1,2.920383714
DEU,2014-Q2,1.832189168
DEU,2014-Q3,1.78074231
DEU,2014-Q4,2.31007945
DEU,2015-Q1,0.804188883
DEU,2015-Q2,1.547263222
DEU,2015-Q3,1.48879327
DEU,2015-Q4,1.115160562
DEU,2016-Q1,2.489167636
DEU,2016-Q2,2.190305049
DEU,2016-Q3,1.990878004
DEU,2016-Q4,1.91264489
DEU,2017-Q1,2.281000431
DEU,2017-Q2,2.692704845
DEU,2017-Q3,3.184849767
DEU,2017-Q4,3.748530941
DEU,2018-Q1,1.919385872
DEU,2018-Q2,1.779096704
DEU,2018-Q3,0.239433443
DEU,2018-Q4,0.124539175
DEU,2019-Q1,1.429591262
DEU,2019-Q2,0.546687404
DEU,2019-Q3,1.459185005
DEU,2019-Q4,0.922106651
LVA,2000-Q1,6.24563221
LVA,2000-Q2,7.643866401
LVA,2000-Q3,7.15386147
LVA,2000-Q4,2.453665647
LVA,2001-Q1,3.899412154
LVA,2001-Q2,8.951156884
LVA,2001-Q3,3.408506027
LVA,2001-Q4,8.126766741
LVA,2002-Q1,5.672154883
LVA,2002-Q2,4.94163081
LVA,2002-Q3,8.52922328
LVA,2002-Q4,9.297880726
LVA,2003-Q1,10.038771877
LVA,2003-Q2,8.496399427
LVA,2003-Q3,9.522874572
LVA,2003-Q4,6.61891733
LVA,2004-Q1,9.538339738
LVA,2004-Q2,8.361938514
LVA,2004-Q3,6.61310764
LVA,2004-Q4,7.725443414
LVA,2005-Q1,6.897852942
LVA,2005-Q2,7.958590909
LVA,2005-Q3,12.765463965
LVA,2005-Q4,14.366650588
LVA,2006-Q1,10.550061845
LVA,2006-Q2,13.455389471
LVA,2006-Q3,11.713495847
LVA,2006-Q4,12.479624095
LVA,2007-Q1,15.245259328
LVA,2007-Q2,12.021147037
LVA,2007-Q3,10.3702501
LVA,2007-Q4,4.434781241
LVA,2008-Q1,4.796879376
LVA,2008-Q2,-1.023477645
LVA,2008-Q3,-6.766892977
LVA,2008-Q4,-7.968004202
LVA,2009-Q1,-12.997335488
LVA,2009-Q2,-14.92018042
LVA,2009-Q3,-15.82736912
LVA,2009-Q4,-13.439288943
LVA,2010-Q1,-10.72864416
LVA,2010-Q2,-5.99515135
LVA,2010-Q3,-1.341925675
LVA,2010-Q4,-0.777246601
LVA,2011-Q1,-1.525549379
LVA,2011-Q2,2.629895648
LVA,2011-Q3,4.600390932
LVA,2011-Q4,3.815722057
LVA,2012-Q1,10.600877048
LVA,2012-Q2,6.327669723
LVA,2012-Q3,6.057577437
LVA,2012-Q4,6.386034285
LVA,2013-Q1,1.554803064
LVA,2013-Q2,2.061603162
LVA,2013-Q3,2.167046139
LVA,2013-Q4,2.535321378
LVA,2014-Q1,2.154365012
LVA,2014-Q2,2.732581913
LVA,2014-Q3,1.800744755
LVA,2014-Q4,1.451616165
LVA,2015-Q1,3.030049546
LVA,2015-Q2,4.016784826
LVA,2015-Q3,4.299790686
LVA,2015-Q4,3.612580681
LVA,2016-Q1,3.927675016
LVA,2016-Q2,1.531947653
LVA,2016-Q3,0.916232691
LVA,2016-Q4,2.303654797
LVA,2017-Q1,1.969535155
LVA,2017-Q2,3.772971733
LVA,2017-Q3,3.979870844
LVA,2017-Q4,3.484955671
LVA,2018-Q1,3.173224959
LVA,2018-Q2,3.931750547
LVA,2018-Q3,4.708241696
LVA,2018-Q4,4.968884337
LVA,2019-Q1,4.029006431
LVA,2019-Q2,2.995321319
LVA,2019-Q3,1.867425074
LVA,2019-Q4,1.26286681
CZE,2000-Q1,3.883609758
CZE,2000-Q2,4.394054816
CZE,2000-Q3,4.787302386
CZE,2000-Q4,4.11423943
CZE,2001-Q1,3.97053253
CZE,2001-Q2,3.226307291
CZE,2001-Q3,2.343112374
CZE,2001-Q4,2.613210078
CZE,2002-Q1,1.211199164
CZE,2002-Q2,1.48364568
CZE,2002-Q3,1.690923749
CZE,2002-Q4,1.612335762
CZE,2003-Q1,2.887060918
CZE,2003-Q2,3.45054584
CZE,2003-Q3,3.901196205
CZE,2003-Q4,4.056062392
CZE,2004-Q1,4.066411867
CZE,2004-Q2,4.254501216
CZE,2004-Q3,4.642724261
CZE,2004-Q4,5.738384859
CZE,2005-Q1,6.420981366
CZE,2005-Q2,6.728711252
CZE,2005-Q3,6.772387154
CZE,2005-Q4,6.752209202
CZE,2006-Q1,6.879772021
CZE,2006-Q2,7.319090859
CZE,2006-Q3,7.021425725
CZE,2006-Q4,6.495767128
CZE,2007-Q1,6.361299555
CZE,2007-Q2,5.179186475
CZE,2007-Q3,5.380822178
CZE,2007-Q4,5.333857054
CZE,2008-Q1,4.048971347
CZE,2008-Q2,3.955255518
CZE,2008-Q3,2.767976993
CZE,2008-Q4,-0.559072765
CZE,2009-Q1,-4.339281011
CZE,2009-Q2,-5.386292231
CZE,2009-Q3,-5.168392565
CZE,2009-Q4,-3.19054301
CZE,2010-Q1,0.852615709
CZE,2010-Q2,2.474577713
CZE,2010-Q3,2.734126274
CZE,2010-Q4,3.123834569
CZE,2011-Q1,3.006466566
CZE,2011-Q2,2.088883901
CZE,2011-Q3,1.158037637
CZE,2011-Q4,0.81070904
CZE,2012-Q1,0.066262849
CZE,2012-Q2,-0.78653014
CZE,2012-Q3,-0.96106413
CZE,2012-Q4,-1.184556753
CZE,2013-Q1,-1.437090588
CZE,2013-Q2,-0.542011729
CZE,2013-Q3,0.247176626
CZE,2013-Q4,1.582280258
CZE,2014-Q1,1.45691643
CZE,2014-Q2,2.030724408
CZE,2014-Q3,2.802009825
CZE,2014-Q4,2.739837061
CZE,2015-Q1,5.262568084
CZE,2015-Q2,5.703998414
CZE,2015-Q3,5.726485961
CZE,2015-Q4,5.148503135
CZE,2016-Q1,3.356089114
CZE,2016-Q2,2.309209407
CZE,2016-Q3,1.99187093
CZE,2016-Q4,2.172213369
CZE,2017-Q1,3.695055354
CZE,2017-Q2,5.915502996
CZE,2017-Q3,5.85167887
CZE,2017-Q4,5.895675336
CZE,2018-Q1,4.740865159
CZE,2018-Q2,2.821316363
CZE,2018-Q3,2.695851198
CZE,2018-Q4,2.619965863
CZE,2019-Q1,2.997899456
CZE,2019-Q2,3.071200908
CZE,2019-Q3,3.029280961
CZE,2019-Q4,2.768091424
FRA,2000-Q1,3.90392427
FRA,2000-Q2,4.688884927
FRA,2000-Q3,4.254662752
FRA,2000-Q4,3.628995988
FRA,2001-Q1,3.071755629
FRA,2001-Q2,2.148454839
FRA,2001-Q3,1.721160254
FRA,2001-Q4,0.830330349
FRA,2002-Q1,0.902362495
FRA,2002-Q2,1.184113582
FRA,2002-Q3,1.15664402
FRA,2002-Q4,1.45508745
FRA,2003-Q1,0.980833748
FRA,2003-Q2,0.363843552
FRA,2003-Q3,0.791680788
FRA,2003-Q4,1.240184859
FRA,2004-Q1,2.128495268
FRA,2004-Q2,2.938071303
FRA,2004-Q3,2.527834374
FRA,2004-Q4,2.606675584
FRA,2005-Q1,1.847812453
FRA,2005-Q2,1.535245306
FRA,2005-Q3,1.821544951
FRA,2005-Q4,1.734884207
FRA,2006-Q1,2.282970367
FRA,2006-Q2,3.06042311
FRA,2006-Q3,2.578496825
FRA,2006-Q4,2.634883642
FRA,2007-Q1,2.593369509
FRA,2007-Q2,2.230106706
FRA,2007-Q3,2.626761831
FRA,2007-Q4,2.082035642
FRA,2008-Q1,1.834973261
FRA,2008-Q2,0.593671708
FRA,2008-Q3,-0.042772419
FRA,2008-Q4,-1.737553929
FRA,2009-Q1,-3.877021213
FRA,2009-Q2,-3.363357414
FRA,2009-Q3,-3.026859318
FRA,2009-Q4,-0.844066572
FRA,2010-Q1,1.220507518
FRA,2010-Q2,1.728473629
FRA,2010-Q3,2.191089279
FRA,2010-Q4,2.145516753
FRA,2011-Q1,2.852879884
FRA,2011-Q2,2.257147881
FRA,2011-Q3,2.122191206
FRA,2011-Q4,1.626304441
FRA,2012-Q1,0.608446488
FRA,2012-Q2,0.557081604
FRA,2012-Q3,0.29221398
FRA,2012-Q4,-0.005668316
FRA,2013-Q1,0.044070622
FRA,2013-Q2,0.857467966
FRA,2013-Q3,0.531488068
FRA,2013-Q4,1.306224145
FRA,2014-Q1,1.239098364
FRA,2014-Q2,0.665632306
FRA,2014-Q3,1.326641961
FRA,2014-Q4,0.631699968
FRA,2015-Q1,1.149833459
FRA,2015-Q2,1.172265118
FRA,2015-Q3,0.82625474
FRA,2015-Q4,1.071029942
FRA,2016-Q1,1.166909811
FRA,2016-Q2,0.746389189
FRA,2016-Q3,0.811729684
FRA,2016-Q4,1.203012841
FRA,2017-Q1,1.319179028
FRA,2017-Q2,2.441611706
FRA,2017-Q3,3.009274026
FRA,2017-Q4,3.024447964
FRA,2018-Q1,2.342558952
FRA,2018-Q2,1.977098731
FRA,2018-Q3,1.500828967
FRA,2018-Q4,1.487414892
FRA,2019-Q1,2.092657533
FRA,2019-Q2,2.346413195
FRA,2019-Q3,1.980674046
FRA,2019-Q4,1.124981955
PRT,2000-Q1,4.36261334
PRT,2000-Q2,3.271881856
PRT,2000-Q3,3.767341175
PRT,2000-Q4,3.865423683
PRT,2001-Q1,1.28655306
PRT,2001-Q2,2.809783105
PRT,2001-Q3,1.473782928
PRT,2001-Q4,2.209251062
PRT,2002-Q1,2.712151949
PRT,2002-Q2,1.255985013
PRT,2002-Q3,0.649396005
PRT,2002-Q4,-1.48022333
PRT,2003-Q1,-1.551766468
PRT,2003-Q2,-1.97190001
PRT,2003-Q3,-0.651382451
PRT,2003-Q4,0.473932977
PRT,2004-Q1,1.274706115
PRT,2004-Q2,2.767450994
PRT,2004-Q3,1.903675089
PRT,2004-Q4,1.219915938
PRT,2005-Q1,1.085613464
PRT,2005-Q2,0.881126993
PRT,2005-Q3,0.365490739
PRT,2005-Q4,0.79709233
PRT,2006-Q1,0.845485679
PRT,2006-Q2,1.444794216
PRT,2006-Q3,1.810916905
PRT,2006-Q4,2.39958247
PRT,2007-Q1,2.638146476
PRT,2007-Q2,2.10749605
PRT,2007-Q3,2.433312185
PRT,2007-Q4,2.846505813
PRT,2008-Q1,1.783361064
PRT,2008-Q2,0.835148152
PRT,2008-Q3,0.544806431
PRT,2008-Q4,-1.851532345
PRT,2009-Q1,-4.328946865
PRT,2009-Q2,-3.769342325
PRT,2009-Q3,-2.840185393
PRT,2009-Q4,-1.521659332
PRT,2010-Q1,1.852117731
PRT,2010-Q2,2.323261872
PRT,2010-Q3,1.513466221
PRT,2010-Q4,1.268103738
PRT,2011-Q1,-0.222233209
PRT,2011-Q2,-1.196017007
PRT,2011-Q3,-2.049629081
PRT,2011-Q4,-3.310166708
PRT,2012-Q1,-3.19826619
PRT,2012-Q2,-4.091744129
PRT,2012-Q3,-4.428694766
PRT,2012-Q4,-4.527642954
PRT,2013-Q1,-3.604207477
PRT,2013-Q2,-1.546055897
PRT,2013-Q3,-0.560105728
PRT,2013-Q4,2.143056093
PRT,2014-Q1,1.066874721
PRT,2014-Q2,0.639918033
PRT,2014-Q3,0.875727424
PRT,2014-Q4,0.590349244
PRT,2015-Q1,1.892981477
PRT,2015-Q2,1.857357964
PRT,2015-Q3,1.876774457
PRT,2015-Q4,1.543573076
PRT,2016-Q1,1.363934383
PRT,2016-Q2,1.365877713
PRT,2016-Q3,2.439463797
PRT,2016-Q4,2.901011108
PRT,2017-Q1,3.622097634
PRT,2017-Q2,3.834597164
PRT,2017-Q3,3.342896141
PRT,2017-Q4,3.233822787
PRT,2018-Q1,2.781332358
PRT,2018-Q2,3.06183269
PRT,2018-Q3,2.888588032
PRT,2018-Q4,2.667707197
PRT,2019-Q1,2.826324588
PRT,2019-Q2,2.613559736
PRT,2019-Q3,2.538182862
PRT,2019-Q4,2.754033556
LUX,2000-Q1,10.085298909
LUX,2000-Q2,6.348169711
LUX,2000-Q3,5.176510222
LUX,2000-Q4,6.228152058
LUX,2001-Q1,2.648294948
LUX,2001-Q2,2.714056602
LUX,2001-Q3,2.40733446
LUX,2001-Q4,4.473013311
LUX,2002-Q1,3.226006935
LUX,2002-Q2,6.365735177
LUX,2002-Q3,3.227644226
LUX,2002-Q4,0.242984006
LUX,2003-Q1,-0.302107057
LUX,2003-Q2,0.434553878
LUX,2003-Q3,3.100756718
LUX,2003-Q4,7.355872708
LUX,2004-Q1,6.802966233
LUX,2004-Q2,4.31039395
LUX,2004-Q3,5.629941662
LUX,2004-Q4,0.701478141
LUX,2005-Q1,0.513413943
LUX,2005-Q2,1.212892415
LUX,2005-Q3,0.895882906
LUX,2005-Q4,7.283461651
LUX,2006-Q1,8.270585243
LUX,2006-Q2,7.700275134
LUX,2006-Q3,6.092032751
LUX,2006-Q4,2.335149527
LUX,2007-Q1,7.380761828
LUX,2007-Q2,9.44358937
LUX,2007-Q3,8.105828927
LUX,2007-Q4,7.396732731
LUX,2008-Q1,3.360666487
LUX,2008-Q2,0.011279991
LUX,2008-Q3,-0.077694162
LUX,2008-Q4,-4.516749601
LUX,2009-Q1,-7.313724218
LUX,2009-Q2,-5.119012108
LUX,2009-Q3,-2.284712245
LUX,2009-Q4,1.927611799
LUX,2010-Q1,5.476455285
LUX,2010-Q2,5.624249737
LUX,2010-Q3,2.155533439
LUX,2010-Q4,1.788938095
LUX,2011-Q1,1.658453382
LUX,2011-Q2,-0.608218623
LUX,2011-Q3,1.851119853
LUX,2011-Q4,1.235619004
LUX,2012-Q1,0.353899867
LUX,2012-Q2,1.401208527
LUX,2012-Q3,1.281605088
LUX,2012-Q4,3.497659244
LUX,2013-Q1,2.978203273
LUX,2013-Q2,4.734720703
LUX,2013-Q3,3.822015406
LUX,2013-Q4,1.165937186
LUX,2014-Q1,3.273219991
LUX,2014-Q2,0.026191742
LUX,2014-Q3,1.798900462
LUX,2014-Q4,5.422326876
LUX,2015-Q1,2.588293341
LUX,2015-Q2,4.611424044
LUX,2015-Q3,2.005748728
LUX,2015-Q4,0.029167317
LUX,2016-Q1,3.806019426
LUX,2016-Q2,4.581686437
LUX,2016-Q3,5.859598011
LUX,2016-Q4,5.702396968
LUX,2017-Q1,1.236851212
LUX,2017-Q2,1.192154544
LUX,2017-Q3,1.612988946
LUX,2017-Q4,1.251144673
LUX,2018-Q1,2.756993399
LUX,2018-Q2,0.799258628
LUX,2018-Q3,0.626578514
LUX,2018-Q4,0.861153282
LUX,2019-Q1,0.954244314
LUX,2019-Q2,3.369595177
LUX,2019-Q3,2.411530114
LUX,2019-Q4,2.578955447
ITA,2000-Q1,3.855542857
ITA,2000-Q2,4.342181221
ITA,2000-Q3,4.065078048
ITA,2000-Q4,4.105051755
ITA,2001-Q1,3.57261128
ITA,2001-Q2,2.373673652
ITA,2001-Q3,1.426036003
ITA,2001-Q4,-0.273595415
ITA,2002-Q1,-0.69972419
ITA,2002-Q2,0.01010505
ITA,2002-Q3,0.533385124
ITA,2002-Q4,1.161888592
ITA,2003-Q1,0.636229318
ITA,2003-Q2,0.139733055
ITA,2003-Q3,-0.148517767
ITA,2003-Q4,0.305399385
ITA,2004-Q1,0.927510082
ITA,2004-Q2,1.462591938
ITA,2004-Q3,1.4932381
ITA,2004-Q4,0.929265912
ITA,2005-Q1,0.405001566
ITA,2005-Q2,0.818189296
ITA,2005-Q3,1.51262532
ITA,2005-Q4,1.34403463
ITA,2006-Q1,1.757538289
ITA,2006-Q2,1.654510558
ITA,2006-Q3,1.497299653
ITA,2006-Q4,2.655735343
ITA,2007-Q1,2.221256702
ITA,2007-Q2,1.778843723
ITA,2007-Q3,1.504498038
ITA,2007-Q4,-0.15462712
ITA,2008-Q1,1.286697905
ITA,2008-Q2,0.05290284
ITA,2008-Q3,-1.418758168
ITA,2008-Q4,-3.772591961
ITA,2009-Q1,-7.253740789
ITA,2009-Q2,-6.830987656
ITA,2009-Q3,-5.038380824
ITA,2009-Q4,-2.042722557
ITA,2010-Q1,0.80554236
ITA,2010-Q2,2.01610215
ITA,2010-Q3,1.825024635
ITA,2010-Q4,2.033892128
ITA,2011-Q1,2.214568717
ITA,2011-Q2,1.553002275
ITA,2011-Q3,0.608724649
ITA,2011-Q4,-0.894999775
ITA,2012-Q1,-2.525247864
ITA,2012-Q2,-3.239611946
ITA,2012-Q3,-3.262598351
ITA,2012-Q4,-3.042057715
ITA,2013-Q1,-2.881350997
ITA,2013-Q2,-2.171401329
ITA,2013-Q3,-1.454960787
ITA,2013-Q4,-0.922123184
ITA,2014-Q1,0.221085513
ITA,2014-Q2,0.135281596
ITA,2014-Q3,0.056674967
ITA,2014-Q4,-0.099256405
ITA,2015-Q1,0.083399103
ITA,2015-Q2,0.515404966
ITA,2015-Q3,0.552577748
ITA,2015-Q4,1.436892124
ITA,2016-Q1,1.460613213
ITA,2016-Q2,1.234831805
ITA,2016-Q3,1.593572544
ITA,2016-Q4,1.381725003
ITA,2017-Q1,1.523321185
ITA,2017-Q2,1.79734768
ITA,2017-Q3,1.704210812
ITA,2017-Q4,1.938158862
ITA,2018-Q1,1.303587336
ITA,2018-Q2,0.914460971
ITA,2018-Q3,0.601064089
ITA,2018-Q4,0.355304536
ITA,2019-Q1,0.653827962
ITA,2019-Q2,0.825724849
ITA,2019-Q3,0.760866002
ITA,2019-Q4,-0.336985224
BEL,2000-Q1,4.798242571
BEL,2000-Q2,4.127696246
BEL,2000-Q3,3.112976565
BEL,2000-Q4,2.902469136
BEL,2001-Q1,2.233500049
BEL,2001-Q2,1.521366065
BEL,2001-Q3,0.860147315
BEL,2001-Q4,-0.215954218
BEL,2002-Q1,0.585145927
BEL,2002-Q2,1.42783499
BEL,2002-Q3,2.16566171
BEL,2002-Q4,2.649962126
BEL,2003-Q1,1.506806857
BEL,2003-Q2,0.86047941
BEL,2003-Q3,0.733625686
BEL,2003-Q4,1.056515373
BEL,2004-Q1,2.842043453
BEL,2004-Q2,3.609431397
BEL,2004-Q3,4.087253884
BEL,2004-Q4,3.736801233
BEL,2005-Q1,2.742948498
BEL,2005-Q2,2.374112111
BEL,2005-Q3,1.890494825
BEL,2005-Q4,2.307236791
BEL,2006-Q1,2.397412528
BEL,2006-Q2,2.148910077
BEL,2006-Q3,2.642265239
BEL,2006-Q4,3.017495577
BEL,2007-Q1,3.839182017
BEL,2007-Q2,3.944579043
BEL,2007-Q3,3.832958079
BEL,2007-Q4,3.083887246
BEL,2008-Q1,2.082244476
BEL,2008-Q2,1.682569743
BEL,2008-Q3,0.31390366
BEL,2008-Q4,-2.258376355
BEL,2009-Q1,-3.625919024
BEL,2009-Q2,-3.641015145
BEL,2009-Q3,-1.849735973
BEL,2009-Q4,1.131078891
BEL,2010-Q1,2.654143247
BEL,2010-Q2,3.616108409
BEL,2010-Q3,2.749811226
BEL,2010-Q4,2.447017697
BEL,2011-Q1,2.409563732
BEL,2011-Q2,1.620424939
BEL,2011-Q3,1.488149917
BEL,2011-Q4,1.272481695
BEL,2012-Q1,1.003608138
BEL,2012-Q2,0.79376286
BEL,2012-Q3,0.750261485
BEL,2012-Q4,0.411142977
BEL,2013-Q1,-0.079050592
BEL,2013-Q2,0.505328464
BEL,2013-Q3,0.571981872
BEL,2013-Q4,0.83789398
BEL,2014-Q1,1.55021681
BEL,2014-Q2,1.228594186
BEL,2014-Q3,1.612887217
BEL,2014-Q4,1.921343752
BEL,2015-Q1,2.012721266
BEL,2015-Q2,2.426382359
BEL,2015-Q3,1.918418379
BEL,2015-Q4,1.811273819
BEL,2016-Q1,1.34272954
BEL,2016-Q2,1.219500485
BEL,2016-Q3,1.203756948
BEL,2016-Q4,1.300882844
BEL,2017-Q1,1.902990414
BEL,2017-Q2,1.590915559
BEL,2017-Q3,1.347588924
BEL,2017-Q4,1.638432983
BEL,2018-Q1,1.356360573
BEL,2018-Q2,1.569737039
BEL,2018-Q3,2.032349396
BEL,2018-Q4,2.209924266
BEL,2019-Q1,2.092741898
BEL,2019-Q2,2.187204075
BEL,2019-Q3,2.530358811
BEL,2019-Q4,2.151259285
IRL,2000-Q1,8.694525948
IRL,2000-Q2,10.289986808
IRL,2000-Q3,8.308219166
IRL,2000-Q4,6.978812765
IRL,2001-Q1,7.633882309
IRL,2001-Q2,6.091208007
IRL,2001-Q3,3.314449755
IRL,2001-Q4,4.171743769
IRL,2002-Q1,4.560003346
IRL,2002-Q2,3.853433292
IRL,2002-Q3,6.423471133
IRL,2002-Q4,6.072700572
IRL,2003-Q1,3.773097211
IRL,2003-Q2,3.937279045
IRL,2003-Q3,1.838997051
IRL,2003-Q4,6.596251615
IRL,2004-Q1,6.281378543
IRL,2004-Q2,7.872427155
IRL,2004-Q3,6.832670101
IRL,2004-Q4,4.064020006
IRL,2005-Q1,6.182197815
IRL,2005-Q2,6.433262665
IRL,2005-Q3,5.544127513
IRL,2005-Q4,5.924439886
IRL,2006-Q1,6.433380835
IRL,2006-Q2,4.13501176
IRL,2006-Q3,6.795165282
IRL,2006-Q4,3.701433057
IRL,2007-Q1,7.31721764
IRL,2007-Q2,5.937436965
IRL,2007-Q3,2.516319964
IRL,2007-Q4,5.370859181
IRL,2008-Q1,-2.640310864
IRL,2008-Q2,-3.151777463
IRL,2008-Q3,-1.75826198
IRL,2008-Q4,-9.646008427
IRL,2009-Q1,-7.207208302
IRL,2009-Q2,-5.630783164
IRL,2009-Q3,-5.51320415
IRL,2009-Q4,-4.451602872
IRL,2010-Q1,-0.420274986
IRL,2010-Q2,0.225753509
IRL,2010-Q3,1.469879851
IRL,2010-Q4,3.292128861
IRL,2011-Q1,2.320268374
IRL,2011-Q2,2.824073379
IRL,2011-Q3,1.252783658
IRL,2011-Q4,2.928266258
IRL,2012-Q1,-0.432419408
IRL,2012-Q2,-0.324453042
IRL,2012-Q3,0.10239346
IRL,2012-Q4,0.305300652
IRL,2013-Q1,-0.484395974
IRL,2013-Q2,-0.109520932
IRL,2013-Q3,4.04443192
IRL,2013-Q4,2.795308612
IRL,2014-Q1,7.571621157
IRL,2014-Q2,9.083758812
IRL,2014-Q3,7.638066718
IRL,2014-Q4,8.634168354
IRL,2015-Q1,26.652768965
IRL,2015-Q2,19.65729541
IRL,2015-Q3,21.754529663
IRL,2015-Q4,23.422941547
IRL,2016-Q1,-1.633374574
IRL,2016-Q2,2.367137711
IRL,2016-Q3,-0.728422798
IRL,2016-Q4,8.91822655
IRL,2017-Q1,8.08426757
IRL,2017-Q2,8.502078511
IRL,2017-Q3,13.755755445
IRL,2017-Q4,7.79006858
IRL,2018-Q1,12.346297574
IRL,2018-Q2,12.810221871
IRL,2018-Q3,7.531874487
IRL,2018-Q4,3.323250878
IRL,2019-Q1,5.204045262
IRL,2019-Q2,4.651304936
IRL,2019-Q3,6.169805214
IRL,2019-Q4,6.434615461
NZL,2000-Q1,6.387219945
NZL,2000-Q2,5.593158965
NZL,2000-Q3,3.12457657
NZL,2000-Q4,2.072289157
NZL,2001-Q1,0.939487504
NZL,2001-Q2,2.318710596
NZL,2001-Q3,2.690912913
NZL,2001-Q4,4.023712097
NZL,2002-Q1,4.596198593
NZL,2002-Q2,4.498814066
NZL,2002-Q3,4.96187113
NZL,2002-Q4,4.843915477
NZL,2003-Q1,4.566700827
NZL,2003-Q2,3.720425332
NZL,2003-Q3,4.700490041
NZL,2003-Q4,4.648981457
NZL,2004-Q1,5.799110771
NZL,2004-Q2,6.193953522
NZL,2004-Q3,4.277564326
NZL,2004-Q4,3.293344365
NZL,2005-Q1,2.745142341
NZL,2005-Q2,3.503191847
NZL,2005-Q3,3.709079541
NZL,2005-Q4,2.896873957
NZL,2006-Q1,3.331500825
NZL,2006-Q2,2.107814495
NZL,2006-Q3,2.217772323
NZL,2006-Q4,3.561312085
NZL,2007-Q1,3.247499468
NZL,2007-Q2,3.75347053
NZL,2007-Q3,3.903271333
NZL,2007-Q4,3.196642586
NZL,2008-Q1,1.409844175
NZL,2008-Q2,0.224700739
NZL,2008-Q3,-0.924461744
NZL,2008-Q4,-1.839150228
NZL,2009-Q1,-2.264227642
NZL,2009-Q2,-2.062612098
NZL,2009-Q3,-1.17045222
NZL,2009-Q4,0.779124413
NZL,2010-Q1,1.983945431
NZL,2010-Q2,2.730375427
NZL,2010-Q3,2.004223777
NZL,2010-Q4,0.220885998
NZL,2011-Q1,1.001223491
NZL,2011-Q2,0.81638441
NZL,2011-Q3,2.07445297
NZL,2011-Q4,3.203950859
NZL,2012-Q1,2.715471119
NZL,2012-Q2,2.678481725
NZL,2012-Q3,1.811565383
NZL,2012-Q4,2.695167286
NZL,2013-Q1,1.894803051
NZL,2013-Q2,2.632093933
NZL,2013-Q3,3.013730737
NZL,2013-Q4,1.846538943
NZL,2014-Q1,3.643904321
NZL,2014-Q2,2.875393269
NZL,2014-Q3,3.617610254
NZL,2014-Q4,4.991114304
NZL,2015-Q1,3.687021906
NZL,2015-Q2,4.085036977
NZL,2015-Q3,3.758462946
NZL,2015-Q4,3.14401988
NZL,2016-Q1,4.020822115
NZL,2016-Q2,4.26304824
NZL,2016-Q3,4.163727427
NZL,2016-Q4,3.479399441
NZL,2017-Q1,3.349439172
NZL,2017-Q2,3.340677358
NZL,2017-Q3,3.313298908
NZL,2017-Q4,3.836485415
NZL,2018-Q1,3.591524603
NZL,2018-Q2,3.88384815
NZL,2018-Q3,3.166071253
NZL,2018-Q4,3.606999529
NZL,2019-Q1,3.431546372
NZL,2019-Q2,2.714097077
NZL,2019-Q3,3.505734346
NZL,2019-Q4,2.647137234
DNK,2000-Q1,3.552324637
DNK,2000-Q2,4.193146465
DNK,2000-Q3,3.839186166
DNK,2000-Q4,3.408058061
DNK,2001-Q1,1.297581844
DNK,2001-Q2,0.646322458
DNK,2001-Q3,1.270204581
DNK,2001-Q4,0.091785342
DNK,2002-Q1,1.156465893
DNK,2002-Q2,0.655051924
DNK,2002-Q3,0.098620025
DNK,2002-Q4,-0.034579328
DNK,2003-Q1,0.534887129
DNK,2003-Q2,-0.390223556
DNK,2003-Q3,-0.38683434
DNK,2003-Q4,1.804920682
DNK,2004-Q1,1.749947147
DNK,2004-Q2,3.316610306
DNK,2004-Q3,3.205574354
DNK,2004-Q4,2.413156435
DNK,2005-Q1,1.552318238
DNK,2005-Q2,2.938909518
DNK,2005-Q3,2.811266815
DNK,2005-Q4,2.042172351
DNK,2006-Q1,3.700915407
DNK,2006-Q2,4.73163812
DNK,2006-Q3,3.917567281
DNK,2006-Q4,3.300487701
DNK,2007-Q1,2.356446554
DNK,2007-Q2,-1.053004057
DNK,2007-Q3,0.547088857
DNK,2007-Q4,1.834574414
DNK,2008-Q1,1.45612883
DNK,2008-Q2,0.972250724
DNK,2008-Q3,-0.551895439
DNK,2008-Q4,-3.867425881
DNK,2009-Q1,-5.196421572
DNK,2009-Q2,-6.168268009
DNK,2009-Q3,-5.290600352
DNK,2009-Q4,-2.911942209
DNK,2010-Q1,-0.659459022
DNK,2010-Q2,1.996593348
DNK,2010-Q3,3.256597062
DNK,2010-Q4,2.930815669
DNK,2011-Q1,2.271855039
DNK,2011-Q2,2.595693052
DNK,2011-Q3,-0.261522916
DNK,2011-Q4,0.780333475
DNK,2012-Q1,0.491421016
DNK,2012-Q2,-0.430965796
DNK,2012-Q3,0.917642586
DNK,2012-Q4,-0.062150336
DNK,2013-Q1,0.571188203
DNK,2013-Q2,0.570215085
DNK,2013-Q3,1.11226999
DNK,2013-Q4,1.479632236
DNK,2014-Q1,1.166224286
DNK,2014-Q2,1.017899621
DNK,2014-Q3,2.062368885
DNK,2014-Q4,2.222885506
DNK,2015-Q1,2.662785995
DNK,2015-Q2,3.217787663
DNK,2015-Q3,1.824728012
DNK,2015-Q4,1.686875018
DNK,2016-Q1,2.158906178
DNK,2016-Q2,3.058665445
DNK,2016-Q3,3.620422425
DNK,2016-Q4,4.134965567
DNK,2017-Q1,3.622621239
DNK,2017-Q2,3.382501008
DNK,2017-Q3,2.136810628
DNK,2017-Q4,2.171760752
DNK,2018-Q1,2.027279546
DNK,2018-Q2,1.406567485
DNK,2018-Q3,2.392719949
DNK,2018-Q4,2.132945885
DNK,2019-Q1,1.39096194
DNK,2019-Q2,1.897967683
DNK,2019-Q3,1.751288661
DNK,2019-Q4,0.93778172
EST,2000-Q1,8.528631638
EST,2000-Q2,10.27885903
EST,2000-Q3,10.499844883
EST,2000-Q4,10.133562711
EST,2001-Q1,7.634574856
EST,2001-Q2,5.135468993
EST,2001-Q3,5.998787108
EST,2001-Q4,5.187263611
EST,2002-Q1,4.413932086
EST,2002-Q2,7.93121037
EST,2002-Q3,7.867071807
EST,2002-Q4,7.085630213
EST,2003-Q1,8.783745995
EST,2003-Q2,7.542118492
EST,2003-Q3,6.465871619
EST,2003-Q4,8.451929244
EST,2004-Q1,8.478722885
EST,2004-Q2,5.302912256
EST,2004-Q3,6.635265515
EST,2004-Q4,6.081764674
EST,2005-Q1,5.498248353
EST,2005-Q2,10.426394885
EST,2005-Q3,10.570551867
EST,2005-Q4,10.82048196
EST,2006-Q1,11.409671727
EST,2006-Q2,9.410870996
EST,2006-Q3,9.299085568
EST,2006-Q4,9.482542043
EST,2007-Q1,10.572499733
EST,2007-Q2,8.726490692
EST,2007-Q3,6.505880485
EST,2007-Q4,3.303558857
EST,2008-Q1,-2.231635611
EST,2008-Q2,-1.622402144
EST,2008-Q3,-1.77298277
EST,2008-Q4,-12.838644642
EST,2009-Q1,-13.223558715
EST,2009-Q2,-16.995007648
EST,2009-Q3,-18.666623177
EST,2009-Q4,-7.35495008
EST,2010-Q1,-3.519527229
EST,2010-Q2,1.115471804
EST,2010-Q3,4.656286735
EST,2010-Q4,6.356619206
EST,2011-Q1,7.037821126
EST,2011-Q2,7.716030245
EST,2011-Q3,7.9334064
EST,2011-Q4,5.677476388
EST,2012-Q1,4.192471683
EST,2012-Q2,3.494159696
EST,2012-Q3,2.302596288
EST,2012-Q4,3.245199699
EST,2013-Q1,3.127681948
EST,2013-Q2,1.617110158
EST,2013-Q3,0.860178494
EST,2013-Q4,-0.077655783
EST,2014-Q1,1.078257723
EST,2014-Q2,1.751805592
EST,2014-Q3,3.372776036
EST,2014-Q4,4.97334111
EST,2015-Q1,1.835319446
EST,2015-Q2,3.421861937
EST,2015-Q3,2.813975751
EST,2015-Q4,1.109251601
EST,2016-Q1,4.206502097
EST,2016-Q2,2.008569772
EST,2016-Q3,2.353005955
EST,2016-Q4,3.782518443
EST,2017-Q1,4.239473759
EST,2017-Q2,6.261130159
EST,2017-Q3,5.49032074
EST,2017-Q4,5.820499317
EST,2018-Q1,4.386085962
EST,2018-Q2,3.475386321
EST,2018-Q3,4.002556181
EST,2018-Q4,3.574117784
EST,2019-Q1,4.436883393
EST,2019-Q2,3.709118723
EST,2019-Q3,3.124939316
EST,2019-Q4,3.173818905
AUT,2000-Q1,4.239099788
AUT,2000-Q2,3.70837603
AUT,2000-Q3,2.58318477
AUT,2000-Q4,3.60949387
AUT,2001-Q1,2.424203226
AUT,2001-Q2,1.539620102
AUT,2001-Q3,1.016901218
AUT,2001-Q4,0.102074119
AUT,2002-Q1,1.335409325
AUT,2002-Q2,1.949378384
AUT,2002-Q3,2.137430351
AUT,2002-Q4,1.428842877
AUT,2003-Q1,1.085339239
AUT,2003-Q2,0.741183045
AUT,2003-Q3,0.772128293
AUT,2003-Q4,1.267230271
AUT,2004-Q1,1.595817085
AUT,2004-Q2,2.17819281
AUT,2004-Q3,3.089474844
AUT,2004-Q4,3.275650112
AUT,2005-Q1,2.088668433
AUT,2005-Q2,2.60537841
AUT,2005-Q3,2.119813315
AUT,2005-Q4,2.669166817
AUT,2006-Q1,4.057180097
AUT,2006-Q2,2.925956948
AUT,2006-Q3,3.60872196
AUT,2006-Q4,3.585750602
AUT,2007-Q1,3.543903379
AUT,2007-Q2,4.422107784
AUT,2007-Q3,3.370404047
AUT,2007-Q4,3.359840729
AUT,2008-Q1,3.035841253
AUT,2008-Q2,2.813226919
AUT,2008-Q3,1.82646334
AUT,2008-Q4,-1.315432193
AUT,2009-Q1,-3.856841916
AUT,2009-Q2,-5.370948517
AUT,2009-Q3,-4.399424578
AUT,2009-Q4,-1.53684787
AUT,2010-Q1,-0.20145645
AUT,2010-Q2,1.883515067
AUT,2010-Q3,2.481197249
AUT,2010-Q4,2.969825218
AUT,2011-Q1,4.262135311
AUT,2011-Q2,3.36210772
AUT,2011-Q3,2.878243479
AUT,2011-Q4,1.681202972
AUT,2012-Q1,1.745008326
AUT,2012-Q2,0.896850361
AUT,2012-Q3,0.176307663
AUT,2012-Q4,0.1299254
AUT,2013-Q1,-0.805100838
AUT,2013-Q2,-0.385226576
AUT,2013-Q3,0.332253021
AUT,2013-Q4,0.797363745
AUT,2014-Q1,0.671906106
AUT,2014-Q2,1.297760773
AUT,2014-Q3,0.68992652
AUT,2014-Q4,0.543227212
AUT,2015-Q1,0.935021571
AUT,2015-Q2,0.49238325
AUT,2015-Q3,1.222310521
AUT,2015-Q4,1.221971599
AUT,2016-Q1,1.825496618
AUT,2016-Q2,1.880456698
AUT,2016-Q3,1.762895902
AUT,2016-Q4,2.498287347
AUT,2017-Q1,2.011708871
AUT,2017-Q2,2.445912698
AUT,2017-Q3,2.634253313
AUT,2017-Q4,2.224500196
AUT,2018-Q1,2.702641132
AUT,2018-Q2,2.23535305
AUT,2018-Q3,2.042936948
AUT,2018-Q4,2.655008879
AUT,2019-Q1,2.398649811
AUT,2019-Q2,1.721061753
AUT,2019-Q3,1.800314493
AUT,2019-Q4,0.102326488
ISL,2000-Q1,2.673583335
ISL,2000-Q2,6.119431981
ISL,2000-Q3,8.484861179
ISL,2000-Q4,2.801802825
ISL,2001-Q1,3.393298
ISL,2001-Q2,5.578141468
ISL,2001-Q3,0.017807682
ISL,2001-Q4,7.120631669
ISL,2002-Q1,0.439576629
ISL,2002-Q2,0.830999112
ISL,2002-Q3,2.469039616
ISL,2002-Q4,-1.393660427
ISL,2003-Q1,6.316992195
ISL,2003-Q2,-0.315682548
ISL,2003-Q3,0.735062096
ISL,2003-Q4,1.967500221
ISL,2004-Q1,4.294581293
ISL,2004-Q2,6.428880413
ISL,2004-Q3,11.354199433
ISL,2004-Q4,9.183669011
ISL,2005-Q1,2.118808159
ISL,2005-Q2,10.428712156
ISL,2005-Q3,5.721593641
ISL,2005-Q4,6.276070555
ISL,2006-Q1,8.782076291
ISL,2006-Q2,6.039599621
ISL,2006-Q3,5.704080672
ISL,2006-Q4,4.937071544
ISL,2007-Q1,6.938366405
ISL,2007-Q2,8.66591433
ISL,2007-Q3,7.394301332
ISL,2007-Q4,10.734262383
ISL,2008-Q1,5.899254987
ISL,2008-Q2,3.944555831
ISL,2008-Q3,-0.971719229
ISL,2008-Q4,0.201568187
ISL,2009-Q1,-6.82567476
ISL,2009-Q2,-10.520509761
ISL,2009-Q3,-4.054645758
ISL,2009-Q4,-9.022141433
ISL,2010-Q1,-5.037593486
ISL,2010-Q2,-1.320652377
ISL,2010-Q3,-4.38654581
ISL,2010-Q4,-0.591049679
ISL,2011-Q1,1.495852886
ISL,2011-Q2,0.156677536
ISL,2011-Q3,4.088341052
ISL,2011-Q4,1.679514642
ISL,2012-Q1,2.591676001
ISL,2012-Q2,1.242736332
ISL,2012-Q3,0.237640739
ISL,2012-Q4,0.26043333
ISL,2013-Q1,4.30196595
ISL,2013-Q2,4.507037696
ISL,2013-Q3,3.79449684
ISL,2013-Q4,5.586267735
ISL,2014-Q1,1.982873087
ISL,2014-Q2,0.386955027
ISL,2014-Q3,4.089894751
ISL,2014-Q4,0.336470169
ISL,2015-Q1,1.508725086
ISL,2015-Q2,7.662702819
ISL,2015-Q3,3.533267405
ISL,2015-Q4,5.06014925
ISL,2016-Q1,3.77282261
ISL,2016-Q2,4.495068324
ISL,2016-Q3,7.490462133
ISL,2016-Q4,9.298764481
ISL,2017-Q1,7.979591009
ISL,2017-Q2,4.342677395
ISL,2017-Q3,2.485508144
ISL,2017-Q4,2.349372934
ISL,2018-Q1,6.381647655
ISL,2018-Q2,5.750776034
ISL,2018-Q3,3.674482902
ISL,2018-Q4,3.837564402
ISL,2019-Q1,3.239011978
ISL,2019-Q2,1.212902847
ISL,2019-Q3,1.343312877
ISL,2019-Q4,1.458737903
ESP,2000-Q1,5.353171143
ESP,2000-Q2,5.42177424
ESP,2000-Q3,5.161392042
ESP,2000-Q4,5.054050989
ESP,2001-Q1,4.497579621
ESP,2001-Q2,3.968221166
ESP,2001-Q3,3.815871372
ESP,2001-Q4,3.468421266
ESP,2002-Q1,2.817271194
ESP,2002-Q2,2.894485768
ESP,2002-Q3,2.573236589
ESP,2002-Q4,2.642342683
ESP,2003-Q1,3.159461939
ESP,2003-Q2,2.858565609
ESP,2003-Q3,2.90247711
ESP,2003-Q4,3.008808334
ESP,2004-Q1,2.673776599
ESP,2004-Q2,3.139711529
ESP,2004-Q3,3.428017032
ESP,2004-Q4,3.242821024
ESP,2005-Q1,3.625702319
ESP,2005-Q2,3.528897629
ESP,2005-Q3,3.55572303
ESP,2005-Q4,3.894748998
ESP,2006-Q1,4.068644074
ESP,2006-Q2,4.158263371
ESP,2006-Q3,4.119584867
ESP,2006-Q4,4.065324206
ESP,2007-Q1,3.828490883
ESP,2007-Q2,3.753222435
ESP,2007-Q3,3.586286896
ESP,2007-Q4,3.259416399
ESP,2008-Q1,2.543974892
ESP,2008-Q2,1.744347958
ESP,2008-Q3,0.784954148
ESP,2008-Q4,-1.475901573
ESP,2009-Q1,-4.2496023
ESP,2009-Q2,-4.364486912
ESP,2009-Q3,-3.984658229
ESP,2009-Q4,-2.430918826
ESP,2010-Q1,0.151644676
ESP,2010-Q2,0.312595247
ESP,2010-Q3,0.05007177
ESP,2010-Q4,0.137653144
ESP,2011-Q1,0.009648999
ESP,2011-Q2,-0.45613034
ESP,2011-Q3,-1.050980916
ESP,2011-Q4,-1.758500717
ESP,2012-Q1,-2.527051699
ESP,2012-Q2,-3.161013668
ESP,2012-Q3,-3.038068584
ESP,2012-Q4,-3.113791426
ESP,2013-Q1,-2.503864105
ESP,2013-Q2,-1.64708867
ESP,2013-Q3,-1.16961098
ESP,2013-Q4,-0.26665421
ESP,2014-Q1,0.40843899
ESP,2014-Q2,0.970801693
ESP,2014-Q3,1.749570915
ESP,2014-Q4,2.453532759
ESP,2015-Q1,3.249942639
ESP,2015-Q2,3.87451375
ESP,2015-Q3,4.051457818
ESP,2015-Q4,4.168952485
ESP,2016-Q1,3.687758945
ESP,2016-Q2,3.006353288
ESP,2016-Q3,2.956099795
ESP,2016-Q4,2.518368437
ESP,2017-Q1,2.625222038
ESP,2017-Q2,3.248165016
ESP,2017-Q3,3.015771106
ESP,2017-Q4,3.01123371
ESP,2018-Q1,2.645141195
ESP,2018-Q2,2.199627206
ESP,2018-Q3,2.088722846
ESP,2018-Q4,2.210501527
ESP,2019-Q1,2.395591587
ESP,2019-Q2,2.151599301
ESP,2019-Q3,1.922525988
ESP,2019-Q4,1.474888274
FIN,2000-Q1,4.969214053
FIN,2000-Q2,5.219166567
FIN,2000-Q3,6.300021502
FIN,2000-Q4,6.521533141
FIN,2001-Q1,3.942677064
FIN,2001-Q2,3.271092038
FIN,2001-Q3,2.321661348
FIN,2001-Q4,0.960704517
FIN,2002-Q1,1.126430168
FIN,2002-Q2,2.004818638
FIN,2002-Q3,1.126803875
FIN,2002-Q4,2.566135818
FIN,2003-Q1,1.179534314
FIN,2003-Q2,1.629539742
FIN,2003-Q3,3.086446568
FIN,2003-Q4,2.113220514
FIN,2004-Q1,4.152698172
FIN,2004-Q2,3.558635394
FIN,2004-Q3,3.444933735
FIN,2004-Q4,4.809876335
FIN,2005-Q1,4.512511681
FIN,2005-Q2,2.382177932
FIN,2005-Q3,2.749714844
FIN,2005-Q4,1.51700612
FIN,2006-Q1,3.030122397
FIN,2006-Q2,4.532839963
FIN,2006-Q3,4.020140348
FIN,2006-Q4,4.536379989
FIN,2007-Q1,3.963126531
FIN,2007-Q2,5.573297422
FIN,2007-Q3,5.53988642
FIN,2007-Q4,6.09991302
FIN,2008-Q1,3.960451139
FIN,2008-Q2,1.304736046
FIN,2008-Q3,0.729492064
FIN,2008-Q4,-2.715996578
FIN,2009-Q1,-8.905661724
FIN,2009-Q2,-8.569424208
FIN,2009-Q3,-8.041588241
FIN,2009-Q4,-6.75056789
FIN,2010-Q1,0.70712215
FIN,2010-Q2,3.942631175
FIN,2010-Q3,2.567301507
FIN,2010-Q4,5.536019488
FIN,2011-Q1,5.072646996
FIN,2011-Q2,2.070675525
FIN,2011-Q3,2.617074654
FIN,2011-Q4,0.53424173
FIN,2012-Q1,-0.46093186
FIN,2012-Q2,-1.342555677
FIN,2012-Q3,-1.842831478
FIN,2012-Q4,-1.946007999
FIN,2013-Q1,-2.359964294
FIN,2013-Q2,-0.860853711
FIN,2013-Q3,-0.130193592
FIN,2013-Q4,-0.232263912
FIN,2014-Q1,-0.146658286
FIN,2014-Q2,-0.443643947
FIN,2014-Q3,-0.406204538
FIN,2014-Q4,-0.465609267
FIN,2015-Q1,-0.471140274
FIN,2015-Q2,0.879815658
FIN,2015-Q3,0.48184543
FIN,2015-Q4,1.287365939
FIN,2016-Q1,3.340424309
FIN,2016-Q2,1.950050025
FIN,2016-Q3,3.111312491
FIN,2016-Q4,2.851778842
FIN,2017-Q1,2.635288009
FIN,2017-Q2,3.781061364
FIN,2017-Q3,3.004614033
FIN,2017-Q4,3.353168808
FIN,2018-Q1,2.625444952
FIN,2018-Q2,1.1882672
FIN,2018-Q3,0.700357289
FIN,2018-Q4,0.072411296
FIN,2019-Q1,0.461300092
FIN,2019-Q2,1.463483443
FIN,2019-Q3,1.588674516
FIN,2019-Q4,1.383643359
NLD,2000-Q1,4.594874
NLD,2000-Q2,4.598909
NLD,2000-Q3,4.0293
NLD,2000-Q4,3.919383045
NLD,2001-Q1,3.388347
NLD,2001-Q2,2.763485
NLD,2001-Q3,2.099587
NLD,2001-Q4,1.114656486
NLD,2002-Q1,0.388732546
NLD,2002-Q2,0.231510228
NLD,2002-Q3,0.212975631
NLD,2002-Q4,0.040300273
NLD,2003-Q1,0.671931395
NLD,2003-Q2,-0.023899152
NLD,2003-Q3,-0.09033127
NLD,2003-Q4,0.29448898
NLD,2004-Q1,1.184842103
NLD,2004-Q2,2.019591561
NLD,2004-Q3,2.081437618
NLD,2004-Q4,1.75917512
NLD,2005-Q1,1.171867896
NLD,2005-Q2,1.400109726
NLD,2005-Q3,2.608579642
NLD,2005-Q4,3.03095707
NLD,2006-Q1,3.34016397
NLD,2006-Q2,4.154503032
NLD,2006-Q3,3.389040595
NLD,2006-Q4,3.588306691
NLD,2007-Q1,4.125437165
NLD,2007-Q2,3.114534741
NLD,2007-Q3,3.646875004
NLD,2007-Q4,4.190193103
NLD,2008-Q1,3.347400249
NLD,2008-Q2,3.327802565
NLD,2008-Q3,2.061055447
NLD,2008-Q4,0.034028853
NLD,2009-Q1,-3.875672173
NLD,2009-Q2,-4.344447473
NLD,2009-Q3,-3.843695076
NLD,2009-Q4,-2.62188036
NLD,2010-Q1,0.81722149
NLD,2010-Q2,1.25721918
NLD,2010-Q3,1.29867369
NLD,2010-Q4,1.828137541
NLD,2011-Q1,2.609628368
NLD,2011-Q2,2.069854792
NLD,2011-Q3,1.621272808
NLD,2011-Q4,-0.118670166
NLD,2012-Q1,-0.898543061
NLD,2012-Q2,-0.759337119
NLD,2012-Q3,-1.185684928
NLD,2012-Q4,-1.281521504
NLD,2013-Q1,-0.756178831
NLD,2013-Q2,-0.985952401
NLD,2013-Q3,0.04054004
NLD,2013-Q4,1.384967376
NLD,2014-Q1,0.962826174
NLD,2014-Q2,1.737787301
NLD,2014-Q3,1.380761087
NLD,2014-Q4,1.643639722
NLD,2015-Q1,2.345880125
NLD,2015-Q2,2.063626505
NLD,2015-Q3,2.159635363
NLD,2015-Q4,1.26935535
NLD,2016-Q1,1.594989013
NLD,2016-Q2,1.521453841
NLD,2016-Q3,2.302514322
NLD,2016-Q4,3.142381542
NLD,2017-Q1,2.73951615
NLD,2017-Q2,3.399545663
NLD,2017-Q3,2.989626259
NLD,2017-Q4,2.907676203
NLD,2018-Q1,2.828964725
NLD,2018-Q2,2.586708721
NLD,2018-Q3,2.106196453
NLD,2018-Q4,1.756597138
NLD,2019-Q1,2.01243972
NLD,2019-Q2,1.786400226
NLD,2019-Q3,1.937856184
NLD,2019-Q4,1.919205065
SVN,2000-Q1,4.450175779
SVN,2000-Q2,1.575122399
SVN,2000-Q3,5.573394706
SVN,2000-Q4,4.570427477
SVN,2001-Q1,4.706875366
SVN,2001-Q2,3.376379276
SVN,2001-Q3,2.828068102
SVN,2001-Q4,3.15031494
SVN,2002-Q1,3.251252322
SVN,2002-Q2,2.739964472
SVN,2002-Q3,3.421249842
SVN,2002-Q4,4.19219952
SVN,2003-Q1,2.612950216
SVN,2003-Q2,3.084830208
SVN,2003-Q3,3.380650829
SVN,2003-Q4,2.153686934
SVN,2004-Q1,3.184422146
SVN,2004-Q2,4.495674903
SVN,2004-Q3,3.922259174
SVN,2004-Q4,3.544596165
SVN,2005-Q1,3.531383315
SVN,2005-Q2,4.133306001
SVN,2005-Q3,3.953871039
SVN,2005-Q4,5.448173133
SVN,2006-Q1,5.143631619
SVN,2006-Q2,5.646947734
SVN,2006-Q3,6.484802663
SVN,2006-Q4,6.881825176
SVN,2007-Q1,8.23433035
SVN,2007-Q2,7.269323355
SVN,2007-Q3,7.551022503
SVN,2007-Q4,5.332449729
SVN,2008-Q1,5.257818862
SVN,2008-Q2,5.562408809
SVN,2008-Q3,2.871060722
SVN,2008-Q4,-1.145246523
SVN,2009-Q1,-6.97552202
SVN,2009-Q2,-9.493172116
SVN,2009-Q3,-8.775425
SVN,2009-Q4,-5.334067256
SVN,2010-Q1,-1.140101124
SVN,2010-Q2,1.677687484
SVN,2010-Q3,1.811889524
SVN,2010-Q4,2.527274388
SVN,2011-Q1,3.272501735
SVN,2011-Q2,0.832436403
SVN,2011-Q3,0.50339825
SVN,2011-Q4,0.071780775
SVN,2012-Q1,-1.235983754
SVN,2012-Q2,-2.497232092
SVN,2012-Q3,-2.097033057
SVN,2012-Q4,-4.157729385
SVN,2013-Q1,-3.38554836
SVN,2013-Q2,-1.311663504
SVN,2013-Q3,-1.552270691
SVN,2013-Q4,2.490527889
SVN,2014-Q1,2.269311494
SVN,2014-Q2,2.975959032
SVN,2014-Q3,3.51876357
SVN,2014-Q4,1.609678464
SVN,2015-Q1,2.046557648
SVN,2015-Q2,1.949266113
SVN,2015-Q3,1.932187366
SVN,2015-Q4,1.853803707
SVN,2016-Q1,2.581607619
SVN,2016-Q2,3.06346075
SVN,2016-Q3,3.406837658
SVN,2016-Q4,4.215252188
SVN,2017-Q1,4.798885371
SVN,2017-Q2,4.742549835
SVN,2017-Q3,4.722195978
SVN,2017-Q4,6.305582094
SVN,2018-Q1,4.514125612
SVN,2018-Q2,4.646806795
SVN,2018-Q3,5.111488308
SVN,2018-Q4,3.989364197
SVN,2019-Q1,4.595556547
SVN,2019-Q2,2.830390251
SVN,2019-Q3,3.111481356
SVN,2019-Q4,3.109152363
SVK,2000-Q1,-1.717250625
SVK,2000-Q2,0.972273157
SVK,2000-Q3,2.22112602
SVK,2000-Q4,3.268933642
SVK,2001-Q1,2.90487816
SVK,2001-Q2,2.97190024
SVK,2001-Q3,2.743164626
SVK,2001-Q4,4.381586788
SVK,2002-Q1,3.973475919
SVK,2002-Q2,3.920804557
SVK,2002-Q3,5.851410617
SVK,2002-Q4,4.287043841
SVK,2003-Q1,5.807900627
SVK,2003-Q2,6.337144301
SVK,2003-Q3,4.408415289
SVK,2003-Q4,5.471274767
SVK,2004-Q1,4.973671569
SVK,2004-Q2,4.095084284
SVK,2004-Q3,6.092340827
SVK,2004-Q4,5.933039509
SVK,2005-Q1,5.86816945
SVK,2005-Q2,7.379669178
SVK,2005-Q3,6.660714126
SVK,2005-Q4,6.581118122
SVK,2006-Q1,7.782276531
SVK,2006-Q2,8.033913091
SVK,2006-Q3,8.326582344
SVK,2006-Q4,9.778015767
SVK,2007-Q1,9.478636814
SVK,2007-Q2,9.627515432
SVK,2007-Q3,10.120469919
SVK,2007-Q4,13.935804706
SVK,2008-Q1,8.416678456
SVK,2008-Q2,7.133879739
SVK,2008-Q3,6.167938762
SVK,2008-Q4,1.039252473
SVK,2009-Q1,-6.129156976
SVK,2009-Q2,-5.710682034
SVK,2009-Q3,-5.378924073
SVK,2009-Q4,-4.635057412
SVK,2010-Q1,7.796293485
SVK,2010-Q2,7.304240049
SVK,2010-Q3,6.624873392
SVK,2010-Q4,5.219008131
SVK,2011-Q1,3.443234133
SVK,2011-Q2,2.872151398
SVK,2011-Q3,2.162439905
SVK,2011-Q4,2.231571476
SVK,2012-Q1,2.143567059
SVK,2012-Q2,1.598402272
SVK,2012-Q3,1.218745658
SVK,2012-Q4,0.332666686
SVK,2013-Q1,0.148758686
SVK,2013-Q2,0.311747986
SVK,2013-Q3,0.683335992
SVK,2013-Q4,1.386625148
SVK,2014-Q1,1.973131226
SVK,2014-Q2,2.41978778
SVK,2014-Q3,2.928840245
SVK,2014-Q4,3.455829697
SVK,2015-Q1,4.786962909
SVK,2015-Q2,5.284586415
SVK,2015-Q3,5.487277327
SVK,2015-Q4,5.105264708
SVK,2016-Q1,3.132811808
SVK,2016-Q2,2.128399472
SVK,2016-Q3,1.337243564
SVK,2016-Q4,1.212567497
SVK,2017-Q1,2.016194929
SVK,2017-Q2,2.72017508
SVK,2017-Q3,3.200407683
SVK,2017-Q4,3.803882644
SVK,2018-Q1,3.928293117
SVK,2018-Q2,4.179570695
SVK,2018-Q3,4.352671944
SVK,2018-Q4,3.664812474
SVK,2019-Q1,3.600308253
SVK,2019-Q2,2.692775053
SVK,2019-Q3,1.917312419
SVK,2019-Q4,1.896580592
GRC,2000-Q1,3.330421774
GRC,2000-Q2,3.318944495
GRC,2000-Q3,4.848009813
GRC,2000-Q4,4.662254616
GRC,2001-Q1,5.557085016
GRC,2001-Q2,4.317066945
GRC,2001-Q3,4.064341291
GRC,2001-Q4,2.880212644
GRC,2002-Q1,2.452555275
GRC,2002-Q2,5.022569822
GRC,2002-Q3,3.943039937
GRC,2002-Q4,4.467728455
GRC,2003-Q1,5.778436775
GRC,2003-Q2,5.29512856
GRC,2003-Q3,5.347760594
GRC,2003-Q4,6.775966831
GRC,2004-Q1,6.510927293
GRC,2004-Q2,4.637807316
GRC,2004-Q3,5.373131112
GRC,2004-Q4,2.774821603
GRC,2005-Q1,0.335709457
GRC,2005-Q2,0.593025488
GRC,2005-Q3,0.648996724
GRC,2005-Q4,1.54047551
GRC,2006-Q1,5.469142465
GRC,2006-Q2,5.54199109
GRC,2006-Q3,4.591190257
GRC,2006-Q4,6.716217109
GRC,2007-Q1,2.537298304
GRC,2007-Q2,5.19988242
GRC,2007-Q3,4.047603993
GRC,2007-Q4,0.964196719
GRC,2008-Q1,2.385711643
GRC,2008-Q2,-1.147594182
GRC,2008-Q3,-0.624737981
GRC,2008-Q4,-1.52470938
GRC,2009-Q1,-6.770290811
GRC,2009-Q2,-3.564516207
GRC,2009-Q3,-4.170677348
GRC,2009-Q4,-2.688349298
GRC,2010-Q1,-3.627304898
GRC,2010-Q2,-9.636355019
GRC,2010-Q3,-11.96777617
GRC,2010-Q4,-12.736357567
GRC,2011-Q1,-11.121386333
GRC,2011-Q2,-9.402671567
GRC,2011-Q3,-8.225373147
GRC,2011-Q4,-11.681116318
GRC,2012-Q1,-8.299868781
GRC,2012-Q2,-8.305006047
GRC,2012-Q3,-7.816671657
GRC,2012-Q4,-4.324294449
GRC,2013-Q1,-4.913678703
GRC,2013-Q2,-3.18381462
GRC,2013-Q3,-1.585073109
GRC,2013-Q4,-0.119770999
GRC,2014-Q1,0.578473121
GRC,2014-Q2,0.494729996
GRC,2014-Q3,1.430328495
GRC,2014-Q4,-0.195770714
GRC,2015-Q1,0.538016402
GRC,2015-Q2,0.50052042
GRC,2015-Q3,-2.462625561
GRC,2015-Q4,0.247572316
GRC,2016-Q1,-1.21983978
GRC,2016-Q2,-1.402688453
GRC,2016-Q3,0.909454322
GRC,2016-Q4,-0.170858132
GRC,2017-Q1,0.551935963
GRC,2017-Q2,1.339367686
GRC,2017-Q3,1.982958791
GRC,2017-Q4,0.366439076
GRC,2018-Q1,1.829927547
GRC,2018-Q2,1.662001415
GRC,2018-Q3,0.522750017
GRC,2018-Q4,2.16069222
GRC,2019-Q1,1.676083796
GRC,2019-Q2,2.416837992
GRC,2019-Q3,2.121061056
GRC,2019-Q4,1.130221834
EA19,2000-Q1,4.039084648
EA19,2000-Q2,4.521470831
EA19,2000-Q3,3.92548776
EA19,2000-Q4,3.443624354
EA19,2001-Q1,3.191447717
EA19,2001-Q2,2.344454657
EA19,2001-Q3,1.860785733
EA19,2001-Q4,1.276245162
EA19,2002-Q1,0.418126523
EA19,2002-Q2,0.845657614
EA19,2002-Q3,1.126809131
EA19,2002-Q4,1.264833485
EA19,2003-Q1,0.799709568
EA19,2003-Q2,0.374235093
EA19,2003-Q3,0.529451217
EA19,2003-Q4,1.026217669
EA19,2004-Q1,1.863197923
EA19,2004-Q2,2.395244866
EA19,2004-Q3,2.09526287
EA19,2004-Q4,1.751758052
EA19,2005-Q1,1.450038371
EA19,2005-Q2,1.451969766
EA19,2005-Q3,1.967457917
EA19,2005-Q4,2.213238441
EA19,2006-Q1,2.888715701
EA19,2006-Q2,3.390364698
EA19,2006-Q3,3.251888517
EA19,2006-Q4,3.796445224
EA19,2007-Q1,3.516683131
EA19,2007-Q2,3.12609701
EA19,2007-Q3,2.977465951
EA19,2007-Q4,2.301909631
EA19,2008-Q1,2.217759582
EA19,2008-Q2,1.141264582
EA19,2008-Q3,0.156774716
EA19,2008-Q4,-2.1670512
EA19,2009-Q1,-5.68194718
EA19,2009-Q2,-5.383668224
EA19,2009-Q3,-4.49933129
EA19,2009-Q4,-2.313953408
EA19,2010-Q1,1.248984549
EA19,2010-Q2,2.254478553
EA19,2010-Q3,2.272278465
EA19,2010-Q4,2.43907181
EA19,2011-Q1,2.919993529
EA19,2011-Q2,1.907911602
EA19,2011-Q3,1.635799568
EA19,2011-Q4,0.611917654
EA19,2012-Q1,-0.507435488
EA19,2012-Q2,-0.749276799
EA19,2012-Q3,-0.998244481
EA19,2012-Q4,-1.018411519
EA19,2013-Q1,-1.135724159
EA19,2013-Q2,-0.365224972
EA19,2013-Q3,0.040956543
EA19,2013-Q4,0.774552695
EA19,2014-Q1,1.527001639
EA19,2014-Q2,1.212132479
EA19,2014-Q3,1.392549378
EA19,2014-Q4,1.467805558
EA19,2015-Q1,1.692994937
EA19,2015-Q2,1.959369915
EA19,2015-Q3,1.883648462
EA19,2015-Q4,1.992936343
EA19,2016-Q1,1.910290077
EA19,2016-Q2,1.674688378
EA19,2016-Q3,1.740924397
EA19,2016-Q4,2.038401558
EA19,2017-Q1,2.166835979
EA19,2017-Q2,2.733271193
EA19,2017-Q3,3.041253315
EA19,2017-Q4,3.091212099
EA19,2018-Q1,2.391919803
EA19,2018-Q2,2.135005054
EA19,2018-Q3,1.356797368
EA19,2018-Q4,1.193595407
EA19,2019-Q1,1.829639975
EA19,2019-Q2,1.601028164
EA19,2019-Q3,1.806624188
EA19,2019-Q4,1.177601414
LTU,2000-Q1,1.491947905
LTU,2000-Q2,2.126653485
LTU,2000-Q3,4.963841207
LTU,2000-Q4,6.361413066
LTU,2001-Q1,6.617611818
LTU,2001-Q2,5.91782427
LTU,2001-Q3,6.442684103
LTU,2001-Q4,7.327597802
LTU,2002-Q1,4.916749956
LTU,2002-Q2,7.817222353
LTU,2002-Q3,7.545165192
LTU,2002-Q4,6.63892101
LTU,2003-Q1,11.176846812
LTU,2003-Q2,9.401954887
LTU,2003-Q3,10.555375422
LTU,2003-Q4,10.854071151
LTU,2004-Q1,7.228824787
LTU,2004-Q2,7.626199995
LTU,2004-Q3,5.349788685
LTU,2004-Q4,5.895898548
LTU,2005-Q1,7.165188325
LTU,2005-Q2,6.883026771
LTU,2005-Q3,9.057588813
LTU,2005-Q4,8.570148832
LTU,2006-Q1,7.166859243
LTU,2006-Q2,7.906943677
LTU,2006-Q3,6.886745493
LTU,2006-Q4,7.804628072
LTU,2007-Q1,10.64242641
LTU,2007-Q2,10.915425273
LTU,2007-Q3,11.956064537
LTU,2007-Q4,10.86043354
LTU,2008-Q1,6.585479065
LTU,2008-Q2,4.632293064
LTU,2008-Q3,0.632081125
LTU,2008-Q4,-1.856479311
LTU,2009-Q1,-14.054785481
LTU,2009-Q2,-15.751751485
LTU,2009-Q3,-14.33738537
LTU,2009-Q4,-14.592243168
LTU,2010-Q1,-1.235070768
LTU,2010-Q2,1.343872467
LTU,2010-Q3,1.37361927
LTU,2010-Q4,4.915146302
LTU,2011-Q1,6.104491322
LTU,2011-Q2,6.275262589
LTU,2011-Q3,6.720973164
LTU,2011-Q4,5.383491755
LTU,2012-Q1,3.960376346
LTU,2012-Q2,3.158224434
LTU,2012-Q3,4.383377986
LTU,2012-Q4,3.714949749
LTU,2013-Q1,3.78270121
LTU,2013-Q2,4.236259346
LTU,2013-Q3,2.877383702
LTU,2013-Q4,3.711943344
LTU,2014-Q1,4.233511841
LTU,2014-Q2,3.772739048
LTU,2014-Q3,3.399634554
LTU,2014-Q4,2.512984298
LTU,2015-Q1,1.771697931
LTU,2015-Q2,1.917660442
LTU,2015-Q3,2.204382507
LTU,2015-Q4,2.141803696
LTU,2016-Q1,2.005390502
LTU,2016-Q2,2.084878325
LTU,2016-Q3,2.607751085
LTU,2016-Q4,3.595917141
LTU,2017-Q1,4.437736838
LTU,2017-Q2,4.37140619
LTU,2017-Q3,4.225686995
LTU,2017-Q4,3.98435909
LTU,2018-Q1,3.881398641
LTU,2018-Q2,4.328823048
LTU,2018-Q3,3.661296262
LTU,2018-Q4,4.088867614
LTU,2019-Q1,4.587533523
LTU,2019-Q2,4.756777554
LTU,2019-Q3,4.579490744
LTU,2019-Q4,4.385946336
